{
    "loss": 0.5384435653686523,
    "accuracy": 0.7200000286102295
}