{
    "loss": 8.149333953857422,
    "accuracy": 0.5099999904632568
}